temperature_c,complaints
16,26
16.307692307692307,25
16.615384615384617,20
16.923076923076923,24
17.23076923076923,17
17.53846153846154,16
17.846153846153847,15
18.153846153846153,10
18.46153846153846,11
18.76923076923077,8
19.076923076923077,8
19.384615384615387,8
19.692307692307693,6
20,4
20.307692307692307,7
20.615384615384617,2
20.923076923076923,3
21.23076923076923,5
21.53846153846154,1
21.846153846153847,0
22.153846153846153,0
22.46153846153846,3
22.76923076923077,1
23.076923076923077,4
23.384615384615387,0
23.692307692307693,5
24,7
24.307692307692307,8
24.615384615384617,8
24.923076923076923,8
25.230769230769234,4
25.53846153846154,10
25.846153846153847,11
26.153846153846153,13
26.46153846153846,13
26.76923076923077,16
27.076923076923077,22
27.384615384615387,22
27.692307692307693,28
28,26
