advertising_dollars,foot_traffic,temperature_c,discount_percent,sales_dollars
12.7,135.9,21.7,6.5,553.6468134922136
70.4,145.4,28.1,13.9,839.1718405511425
82.1,144.1,18.8,13.7,842.3847353349533
44.6,367.4,21.6,2.1,911.882891103078
80.7,202,24.2,16.2,911.7293952689647
57.8,167.7,17.2,13.4,778.6285974061456
74.2,225.1,21.6,9.5,968.1480407841024
24.8,228.1,17.9,12.5,794.7821402176617
53.1,354.3,16.8,12.5,981.1482980360271
94.1,165,25.1,5.4,833.1986479025828
78,369.5,26.2,4.1,1062.5025899803734
96.8,180.6,23.1,1.3,828.8158315759182
13.9,245.2,28.1,2.7,869.3565976843315
10.5,146.5,22.4,4.2,592.2017513101273
25.3,237.7,29.9,9.1,815.6799763710579
82.5,227.3,24,18.3,1058.618077852044
75.5,173.2,17.1,10.6,767.4557816054705
33,291.4,22.5,3,802.8915160816316
69.9,142.1,23.9,10.1,687.5137450592935
70.3,106,20.7,16.7,779.2402803661391
24.1,221.8,24.9,12.7,919.9103524578603
65.7,134.4,29.9,17.6,905.4366322924405
49.9,224.5,23.3,17.6,992.7888899865701
95.2,308.2,27.1,7.1,1046.4889252516984
77.3,399.8,23.8,4.8,1100.5308678262504
22.3,314.2,16.3,7.1,796.8326073726668
26.9,377,21.7,15.6,1141.4323967458752
12.4,169.4,18.3,18.7,774.4068655378697
13.7,103,18.2,18,678.0513003584077
74.8,392.8,15.3,10.3,1058.2241095062298
97.2,301.1,20.7,3.4,876.4251807943737
57.7,334.8,17.4,19,1118.756145769912
44.3,316.6,27.6,9.9,941.3292985399179
66.9,344.8,25.7,12.2,1059.0460205535562
38.6,338.7,19,3.7,922.8203253967052
85.7,103.6,28.4,15.6,895.3887054870484
65.5,142.1,27,6.1,839.9252813335702
21.1,373.9,18.4,2.2,939.3427211655727
54.7,257.1,28.6,12.4,967.1114193567685
78.9,332.4,24.4,16.4,1158.39777830929
