advertising_dollars,foot_traffic,temperature_c,music_volume_db,window_display_hours,sales_dollars
16.5,239.2,25.3,66.7,3.5,640.4150315492059
17,397.8,17.5,52.7,2,1018.2116654221772
28.2,122.7,18.6,53.9,10.1,437.7845032726791
91.8,303.6,25.7,69.2,3.2,990.4939584287897
93.8,288.6,24,58,1.1,925.8950774319037
19.4,193,29.5,59.7,5.7,471.73592197916815
65.7,112.9,24.7,64.5,6.2,583.0455084054073
73.9,335.1,17.7,40,8.6,1070.876245634864
19.4,283.5,21.6,50.9,10.3,640.2250532857704
36.5,336.5,26.5,66,5.1,826.5842892804327
80.6,305.3,24.7,64.1,11.5,910.3989824108107
51.2,142.7,18.6,56.5,5.7,524.6015284758726
57.8,220.8,22.1,56.7,7.2,633.9683911412783
89.6,195,15.1,57.7,2.7,705.3192690856812
89.5,306.4,25.6,45.1,10.4,949.88972560235
12.1,272.3,23.7,49.6,4.9,574.9658448326161
55.5,113.4,25.3,44.4,0.5,486.63828810659317
70.3,258,23.5,65,11,754.6713789776057
30.7,116.9,18.8,45,0.7,529.1041551070762
16.9,397.9,23.7,50.3,5.8,944.8648192711539
56.7,126,28.8,49.2,3.1,526.271029842864
68.6,168.1,19.7,44.2,9.1,757.0713950391846
20.3,173.5,25.3,46.7,10.5,593.5691492864628
67.8,248.3,17.1,45.9,10.8,733.0852584647524
62.9,135,23.7,55.9,7.2,584.4358784322644
29.3,187.9,28.3,46.6,5.9,521.6830917293772
34.9,254.6,29.1,48.1,7.1,660.4245893445878
28.4,141.7,26.7,64.5,7.8,511.73198930121134
15.6,326.5,21,47.2,6.6,787.8486397191314
18.8,113.3,29.9,58.6,11,388.63617831001864
39.8,156.9,22.7,48.2,0.9,526.6739203039301
35.7,179.8,18.6,56.5,9.6,627.8717552265225
63.7,284,29.5,49.8,11.2,764.8342984416067
25.5,175.7,29.5,54,0,432.1474538986837
29.9,313.7,24.2,63.8,8.7,809.9975116641307
73.5,370.1,28.5,55.8,10.4,1131.9134935873055
18.1,237.1,23.3,62.9,4.6,722.5559272851835
38.1,208.2,22.9,69.8,2.5,649.1508765789096
93.2,163.6,18.6,69.6,5.9,770.0402637238262
53.4,210.7,29.5,51.8,9.5,740.8116477991657
